company_name,total_promoter_holding_pct,promoter_shares_encumbered,promoter_shares_encumbered_pct
20 Microns Limited,    44.95,0,     0.00
20 Microns Limited,    44.95,0,     0.00
21st Century Management Services Limited,    64.25,0,     0.00
360 ONE WAM LIMITED,    17.75,19940804,    31.30
3M India Limited,    75.00,0,     0.00
3P Land Holdings Limited,    73.30,0,     0.00
63 moons technologies limited,    45.63,0,     0.00
A2Z Infra Engineering Limited,    28.14,49402301,    99.68
ABB India Limited,    75.00,0,     0.00
ACC Limited,    56.69,0,     0.00
ADF Foods Limited,    36.42,3076190,     7.69
AGS Transact Technologies Limited,    65.84,7155000,     8.95
AIA Engineering Limited,    58.47,0,     0.00
AION-TECH SOLUTIONS LIMITED,    53.89,0,     0.00
AJR INFRA AND TOLLING LIMITED,    20.60,193999800,   100.00
AMD Industries Limited,    66.69,0,     0.00
ANDHRA PAPER LIMITED,    72.31,0,     0.00
APL Apollo Tubes Limited,    29.44,0,     0.00
ARSS Infrastructure Projects Limited,    46.70,2646648,    24.92
ATLANTAA LIMITED,    72.18,0,     0.00
ATN International Limited,     0.17,0,     0.00
AU Small Finance Bank Limited,    25.45,0,     0.00
AVT Natural Products Limited,    75.00,0,     0.00
AXISCADES Technologies Limited,    60.30,5204000,    20.58
Aarti Drugs Limited,    57.13,0,     0.00
Aarti Industries Limited,    43.43,5800000,     3.68
Aarvee Denims & Exports Limited,    65.80,7872515,    51.00
Aban Offshore Limited,    46.00,5200000,    19.37
Abans Holdings Limited,    72.09,4382000,    12.12
Abhishek Corporation Limited,    57.63,8164316,    88.50
Accelya Solutions India Limited,    74.66,0,     0.00
Accuracy Shipping Limited,    63.69,1000,     0.00
Action Construction Equipment Limited,    66.82,0,     0.00
Adani Energy Solutions Limited,    73.22,21085980,     2.58
Adani Enterprises Limited,    72.61,671000,     0.08
Adani Green Energy Limited,    56.37,9086130,     1.02
Adani Ports and Special Economic Zone Limited,    65.89,24217000,     1.70
Adani Power Limited,    71.75,445588299,    16.10
Aditya Birla Capital Limited,    68.96,0,     0.00
Aditya Birla Fashion and Retail Limited,    52.32,0,     0.00
Aditya Birla Money Limited,    73.53,0,     0.00
Ador Welding Limited,    56.90,0,     0.00
Advanced Enzyme Technologies Limited,    43.49,0,     0.00
Advani Hotels & Resorts (India) Limited,    50.25,0,     0.00
Aegis Logistics Limited,    58.10,0,     0.00
Agarwal Industrial Corporation Limited,    57.20,0,     0.00
Agri-Tech (India) Limited,    31.10,0,     0.00
Agro Phos India Limited,    54.27,0,     0.00
Agro Tech Foods Limited,    51.77,0,     0.00
Ahlada Engineers Limited,    50.50,0,     0.00
Ahluwalia Contracts (India) Limited,    55.32,0,     0.00
Airo Lam limited,    53.02,1500200,    18.86
Ajanta Pharma Limited,    66.21,10220844,    12.26
Ajmera Realty & Infra India Limited,    74.20,1950000,     7.41
Akg Exim Limited,    57.84,0,     0.00
Aksh Optifibre Limited,    26.14,0,     0.00
Akzo Nobel India Limited,    74.76,0,     0.00
Alankit Limited,    54.15,0,     0.00
Alchemist Limited,    34.94,,
Alembic Limited,    70.88,0,     0.00
Alembic Pharmaceuticals Limited,    69.61,0,     0.00
Alicon Castalloy Limited,    55.71,0,     0.00
Alkali Metals Limited,    69.59,2130000,    30.06
Alkyl Amines Chemicals Limited,    71.96,0,     0.00
Allcargo Gati Limited,    52.93,276100,     0.40
Allcargo Logistics Limited,    69.92,0,     0.00
Allied Digital Services Limited,    52.20,0,     0.00
Allsec Technologies Limited,    73.39,0,     0.00
Almondz Global Securities Limited,    58.20,0,     0.00
Alok Industries Limited,    75.00,0,     0.00
Alpa Laboratories Limited,    57.29,0,     0.00
Alphageo (India) Limited,    46.09,280534,     9.56
Alps Industries Limited,    22.21,4019018,    46.27
Amara Raja Energy & Mobility Limited,    32.86,0,     0.00
Ambica Agarbathies & Aroma industries Limited,    43.69,50000,     0.67
Ambika Cotton Mills Limited,    50.17,0,     0.00
Ambuja Cements Limited,    66.76,0,     0.00
Amit Spinning Industries Limited,    50.96,0,     0.00
Amj Land Holdings Limited,    65.90,0,     0.00
Amrutanjan Health Care Limited,    50.66,0,     0.00
Anand Rathi Wealth Limited,    48.03,2250,     0.01
Anant Raj Limited,    60.00,0,     0.00
Andhra Cements Limited,    90.00,21890883,    26.39
Anik Industries Limited,    37.81,0,     0.00
Ankit Metal & Power Limited,    71.02,100215000,   100.00
Anmol India Limited,    57.08,10936900,    33.66
Ansal Properties & Infrastructure Limited,    48.77,55564816,    72.38
Antarctica Limited,    11.05,0,     0.00
Antony Waste Handling Cell Limited,    46.16,25000,     0.19
Anupam Rasayan India Limited,    61.26,6250000,     9.29
Apar Industries Limited,    57.77,0,     0.00
Apcotex Industries Limited,    58.23,0,     0.00
Apollo Hospitals Enterprise Limited,    29.33,6785000,    16.09
Apollo Micro Systems Limited,    53.21,31215000,    20.77
Apollo Pipes Limited,    51.20,0,     0.00
Apollo Sindoori Hotels Limited,    64.68,0,     0.00
Apollo Tyres Limited,    37.36,2545080,     1.07
Aptech Limited,    47.36,0,     0.00
Archean Chemical Industries Limited,    53.45,3002000,     4.55
Archidply Industries Limited,    69.89,0,     0.00
Archies Limited,    62.25,,
Arcotech Limited,    39.96,19154794,    45.65
Aries Agro Limited,    52.66,0,     0.00
Arihant Capital Markets Limited,    69.81,0,     0.00
Arihant Superstructures Limited,    74.71,0,     0.00
Aro Granite Industries Limited,    41.06,0,     0.00
Arshiya Limited,    14.37,37871225,   100.00
Arvind Fashions Limited,    36.78,3900000,     7.97
Arvind Limited,    41.13,7500000,     6.97
Arvind SmartSpaces Limited,    50.40,0,     0.00
Asahi India Glass Limited,    54.23,5200000,     3.94
Asahi Songwon Colors Limited,    66.77,0,     0.00
Ashapura Intimates Fashion Limited,    14.76,1924631,    51.73
Ashapura Minechem Limited,    45.39,12740174,    30.68
Ashiana Housing Limited,    61.11,0,     0.00
Ashima Limited,    73.49,0,     0.00
Ashok Leyland Limited,    51.91,331660000,    21.76
Ashoka Buildcon Limited,    54.48,0,     0.00
Asian Granito India Limited,    29.02,0,     0.00
Asian Hotels (East) Limited,    65.63,0,     0.00
Asian Hotels (North) Limited,     0.16,31500,    99.68
Asian Paints Limited,    52.66,35520427,     7.03
Astec LifeSciences Limited,    66.75,0,     0.00
Aster DM Healthcare Limited,    42.23,206834332,    98.05
Astra Microwave Products Limited,     6.54,0,     0.00
AstraZeneca Pharma India Limited,    75.00,0,     0.00
Astral Limited,    54.10,0,     0.00
Astron Paper & Board Mill Limited,    27.06,0,     0.00
Atcom Technologies Limited,    14.10,1371500,    63.39
Atlas Cycles (Haryana) Limited,    41.92,0,     0.00
Atul Limited,    45.17,130000,     0.98
Aurionpro Solutions Limited,    29.91,1576000,    21.23
Aurobindo Pharma Limited,    51.83,63368000,    20.86
Aurum PropTech Limited,    49.99,,
Ausom Enterprise Limited,    73.70,0,     0.00
Autoline Industries Limited,    33.39,0,     0.00
Automotive Axles Limited,    71.04,0,     0.00
Automotive Stampings and Assemblies Limited,    75.00,0,     0.00
Avadh Sugar & Energy Limited,    60.39,2879682,    23.82
Avanti Feeds Limited,    43.25,0,     0.00
Axis Bank Limited,    11.41,0,     0.00
Axita Cotton Limited,    62.77,13,     0.00
B. L. Kashyap and Sons Limited,    61.65,138233158,    99.46
B.A.G Films and Media Limited,    46.86,0,     0.00
BASF India Limited,    73.33,0,     0.00
BEML Limited,    54.03,0,     0.00
BF Investment Limited,    74.13,0,     0.00
BF Utilities Limited,    56.74,0,     0.00
BGR Energy Systems Limited,    51.01,21648468,    58.82
BIRLASOFT LIMITED,    40.93,0,     0.00
BLB Limited,    36.84,0,     0.00
BSL Limited,    56.71,0,     0.00
Bafna Pharmaceuticals Limited,    88.30,0,     0.00
Bajaj Auto Limited,    55.06,13822,     0.01
Bajaj Consumer Care Limited,    39.30,0,     0.00
Bajaj Electricals Limited,    62.80,1843556,     2.55
Bajaj Finance Limited,    54.85,0,     0.00
Bajaj Finserv Limited,    60.87,100360,     0.01
Bajaj Hindusthan Sugar Limited,    25.09,318743422,    99.44
Bajaj Holdings & Investment Limited,    51.46,334,     0.00
Bajel Projects Limited,    62.75,1843556,     2.55
Bal Pharma Limited,    51.23,0,     0.00
Balaji Amines Limited,    53.70,0,     0.00
Balaji Telefilms Limited,    34.21,0,     0.00
Balkrishna Industries Limited,    58.29,0,     0.00
Ballarpur Industries Limited,     0.10,0,     0.00
Balmer Lawrie & Company Limited,     0.00,0,
Balrampur Chini Mills Limited,    42.90,0,     0.00
Banaras Beads Limited,    58.14,0,     0.00
Banco Products (I) Limited,    67.88,0,     0.00
Bang Overseas Limited,    72.98,0,     0.00
Bank Of Baroda,    63.97,0,     0.00
Bank Of India,    73.38,0,     0.00
Bank of Maharashtra,    86.46,0,     0.00
Bannari Amman Spinning Mills Limited,    55.33,0,     0.00
Bannari Amman Sugars Limited,    58.70,0,     0.00
Banswara Syntex Limited,    54.37,0,     0.00
Barak Valley Cements Limited,    55.32,0,     0.00
Barbeque Nation Hospitality Limited,    33.71,86113,     0.65
Bata India Limited,    50.16,0,     0.00
Bcl Industries Limited,    56.08,7536340,     4.93
Beardsell Limited,    56.10,0,     0.00
Bedmutha Industries Limited,    57.05,17496105,    95.06
Berger Paints (I) Limited,    74.99,0,     0.00
Bhagyanagar India Limited,    72.34,0,     0.00
Bhansali Engineering Polymers Limited,    57.47,0,     0.00
Bharat Bijlee Limited,    33.72,0,     0.00
Bharat Electronics Limited,    51.14,0,     0.00
Bharat Forge Limited,    45.25,630,     0.00
Bharat Gears Limited,    55.32,0,     0.00
Bharat Heavy Electricals Limited,    63.17,0,     0.00
Bharat Petroleum Corporation Limited,    52.98,0,     0.00
Bharat Rasayan Limited,    74.99,20000,     0.64
Bharat Road Network Limited,    52.23,9999400,    22.80
Bharat Wire Ropes Limited,    40.76,13814250,    49.81
Bharati Defence and Infrastructure Limited,    40.58,20412281,   100.00
Bharatiya Global Infomedia Limited,    48.46,5059335,    65.90
Bharti Airtel Limited,    53.54,0,     0.00
Bhartiya International Limited,    57.35,0,     0.00
Bigbloc Construction Limited,    72.42,0,     0.00
Bil Energy Systems Limited,    46.79,64299720,    64.99
Binani Industries Limited,    52.62,0,     0.00
Biocon Limited,    60.95,0,     0.00
Biofil Chemicals & Pharmaceuticals Limited,    46.82,0,     0.00
Birla Cable Limited,    66.35,1250000,     6.28
Birla Corporation Limited,    62.90,0,     0.00
Birla Tyres Limited,    36.37,0,     0.00
Bkm Industries Limited,    37.54,2300000,     9.35
Black Box Limited,    71.09,10660175,     8.93
Bliss GVS Pharma Limited,    34.97,0,     0.00
Blue Blends (I) Limited,    53.16,11480000,    99.74
Blue Chip India Limited,    11.25,0,     0.00
Blue Coast Hotels Limited,    61.39,55442,     0.71
Blue Dart Express Limited,    75.00,0,     0.00
Blue Star Limited,    36.49,0,     0.00
Bodal Chemicals Limited,    57.39,0,     0.00
Bohra Industries Limited,    27.13,370000,     9.54
Bombay Burmah Trading Corporation Limited,    74.05,0,     0.00
Bombay Dyeing & Mfg Company Limited,    53.58,0,     0.00
Bombay Rayon Fashions Limited,    25.54,30868329,    38.07
Bosch Limited,    70.54,0,     0.00
Bpl Limited,    63.13,0,     0.00
Brand Concepts Limited,    48.71,0,     0.00
Brigade Enterprises Limited,    43.72,0,     0.00
Brightcom Group Limited,    18.38,9262114,     2.50
Britannia Industries Limited,    50.55,0,     0.00
Brooks Laboratories Limited,    63.59,0,     0.00
Burnpur Cement Limited,     1.98,0,     0.00
Butterfly Gandhimathi Appliances Limited,    75.00,0,     0.00
C & C Constructions Limited,    32.42,6460858,    78.32
CARE Ratings Limited,     0.00,0,
CCL Products (India) Limited,    46.26,0,     0.00
CEAT Limited,    47.21,0,     0.00
CESC Limited,    52.11,0,     0.00
CG Power and Industrial Solutions Limited,    58.12,,
CIE Automotive India Limited,    65.70,0,     0.00
CMI Limited,     0.50,0,     0.00
COSMO FIRST LIMITED,    46.33,0,     0.00
CRISIL Limited,    66.65,0,     0.00
California Software Company Limited,    35.73,0,     0.00
Cambridge Technology Enterprises Limited,    48.85,0,     0.00
Camlin Fine Sciences Limited,    48.03,10000000,    12.43
Can Fin Homes Limited,    29.99,0,     0.00
Canara Bank,    62.93,0,     0.00
Cantabil Retail India Limited,    73.28,,
Capacit'e Infraprojects Limited,    31.69,12035000,    44.89
Caplin Point Laboratories Limited,    70.62,0,     0.00
Capri Global Capital Limited,    69.89,0,     0.00
Carborundum Universal Limited,    41.23,0,     0.00
Career Point Limited,    63.68,0,     0.00
Castrol India Limited,    51.00,0,     0.00
Celebrity Fashions Limited,    35.32,14168540,    70.93
Celestial Biolabs Limited,    26.07,0,     0.00
Central Bank of India,    93.08,0,     0.00
Centrum Capital Limited,    42.22,51699250,    29.43
Centum Electronics Limited,    58.79,0,     0.00
Century Enka Limited,    24.86,0,     0.00
Century Extrusions Limited,    52.04,5636533,    13.54
Century Plyboards (India) Limited,    72.59,0,     0.00
Century Textiles & Industries Limited,    51.33,0,     0.00
Cera Sanitaryware Limited,    54.48,0,     0.00
Cerebra Integrated Technologies Limited,     0.84,0,     0.00
Chalet Hotels Limited,    71.67,47023720,    31.93
Chambal Fertilizers & Chemicals Limited,    60.70,61193864,    25.16
Chemcon Speciality Chemicals Limited,    74.47,4730000,    17.34
Chennai Petroleum Corporation Limited,    67.29,0,     0.00
Choice International Limited,    58.21,13288000,    11.45
Cholamandalam Financial Holdings Limited,    47.37,17200,     0.02
Cholamandalam Investment and Finance Company Limited,    50.37,,
Cigniti Technologies Limited,    32.77,0,     0.00
Cineline India Limited,    69.60,0,     0.00
Cinevista Limited,    67.43,0,     0.00
Cipla Limited,    33.61,0,     0.00
City Union Bank Limited,     0.00,0,
Coal India Limited,    63.13,0,     0.00
Coffee Day Enterprises Limited,     8.21,4994780,    28.80
Coforge Limited,     0.00,0,
Colgate Palmolive (India) Limited,    51.00,0,     0.00
Compucom Software Limited,    70.88,0,     0.00
Confidence Petroleum India Limited,    56.12,9175000,     5.15
Consolidated Construction Consortium Limited,    15.16,0,     0.00
Consolidated Finvest & Holdings Limited,    74.89,0,     0.00
Container Corporation Of India Limited,    54.80,0,     0.00
Coral India Finance & Housing Limited,    75.00,0,     0.00
Cords Cable Industries Limited,    51.86,0,     0.00
Coromandel International Limited,    57.32,12000,     0.01
Country Condo's Limited,    53.86,0,     0.00
Cox & Kings Financial Service Limited,    51.72,12615400,    33.48
Creative Eye Limited,    56.26,0,     0.00
Crest Ventures Limited,    70.00,0,     0.00
Crompton Greaves Consumer Electricals Limited,     0.00,0,
Cubex Tubings Limited,    44.42,0,     0.00
Cummins India Limited,    51.00,0,     0.00
Cupid Limited,    44.80,2357579,    39.22
Cura Technologies Limited,    12.55,0,     0.00
Cyber Media (India) Limited,    61.79,0,     0.00
Cybertech Systems And Software Limited,    36.45,0,     0.00
Cyient Limited,    24.05,0,     0.00
D-Link (India) Limited,    51.02,0,     0.00
D.B.Corp Limited,    71.93,0,     0.00
DB (International) Stock Brokers Limited,    36.18,6374465,    50.34
DCB Bank Limited,    14.77,0,     0.00
DCM  Limited,    48.54,0,     0.00
DCM Shriram Limited,    67.44,0,     0.00
DCW Limited,    44.08,0,     0.00
DEEP ENERGY RESOURCES LIMITED,    67.99,0,     0.00
DELPHI WORLD MONEY LIMITED,    75.00,0,     0.00
DIC India Limited,    71.75,0,     0.00
DLF Limited,    74.08,0,     0.00
DPSC Limited,    59.47,389515856,    67.26
DQ Entertainment (International) Limited,    75.00,59461972,   100.00
DS Kulkarni Developers Limited,    95.00,0,     0.00
Dabur India Limited,    66.25,0,     0.00
Dalmia Bharat Limited,    55.84,0,     0.00
Dalmia Bharat Sugar and Industries Limited,    74.91,0,     0.00
Damodar Industries Limited,    70.45,4940000,    30.09
Datamatics Global Services Limited,    66.44,0,     0.00
Dcm Financial Services Limited,    39.50,0,     0.00
De Nora India Limited,    53.68,0,     0.00
Debock Industries Limited,     9.41,0,     0.00
Deccan Cements Limited,    56.25,0,     0.00
Deepak Fertilizers And Petrochemicals Corporation Limited,    45.63,0,     0.00
Deepak Nitrite Limited,    49.13,0,     0.00
Delta Corp Limited,    33.26,0,     0.00
Delta Manufacturing Limited,    72.12,0,     0.00
Den Networks Limited,    75.00,0,     0.00
Dev Information Technology Limited,    70.20,0,     0.00
Devyani International Limited,    62.74,0,     0.00
Dhampur Sugar Mills Limited,    49.12,0,     0.00
Dhani Services Limited,    35.62,0,     0.00
Dhanlaxmi Bank Limited,     0.00,0,
Dhanuka Agritech Limited,    70.18,0,     0.00
Dharani Sugars & Chemicals Limited,    61.55,11032168,    53.98
Dhunseri Investments Limited,    74.95,0,     0.00
Dhunseri Tea & Industries Limited,    68.90,0,     0.00
Dhunseri Ventures Limited,    75.00,0,     0.00
DiGiSPICE Technologies Limited,    72.97,0,     0.00
Diligent Media Corporation Limited,    62.17,8830306,    12.07
Dilip Buildcon Limited,    70.15,25626627,    24.98
Dish TV India Limited,     4.04,8689621,    11.68
Divi's Laboratories Limited,    51.92,0,     0.00
Dixon Technologies (India) Limited,    33.44,0,     0.00
Donear Industries Limited,    74.56,0,     0.00
Dr. Reddy's Laboratories Limited,    26.83,0,     0.00
Dredging Corporation of India Limited,    73.47,,
Ducon Infratechnologies Limited,    51.97,20000000,    14.81
Dwarikesh Sugar Industries Limited,    42.09,0,     0.00
Dynacons Systems & Solutions Limited,    61.01,0,     0.00
Dynamatic Technologies Limited,    41.87,0,     0.00
EID Parry India Limited,    42.23,11000,     0.01
EIH Associated Hotels Limited,    75.00,0,     0.00
EIH Limited,    32.85,0,     0.00
EPL Limited,    51.50,0,     0.00
Eastern Silk Industries Limited,    51.28,40488351,   100.00
Eastern Sug & Inds Limited,     5.46,115000,     7.22
Easun Reyrolle Limited,    36.03,0,     0.00
Edelweiss Financial Services Limited,    37.52,0,     0.00
Educomp Solutions Limited,    44.78,51771578,    94.41
Eicher Motors Limited,    49.15,0,     0.00
Eimco Elecon (India) Limited,    74.06,0,     0.00
Elecon Engineering Company Limited,    59.27,0,     0.00
Electrosteel Castings Limited,    46.21,32675270,    11.44
Electrotherm (India) Limited,    31.04,300000,     7.58
Elgi Equipments Limited,    31.35,664160,     0.67
Elgi Rubber Company Limited,    65.03,0,     0.00
Emami Limited,    54.84,31330449,    13.09
Emami Paper Mills Limited,    74.97,0,     0.00
Emkay Global Financial Services Limited,    74.34,4851484,    26.43
Emmbi Industries Limited,    59.23,0,     0.00
Energy Development Company Limited,    58.14,0,     0.00
Engineers India Limited,    51.32,0,     0.00
Entertainment Network (India) Limited,    71.15,0,     0.00
Eon Electric Limited,    61.75,4098030,    39.26
Epigral Limited,    71.49,0,     0.00
Eris Lifesciences Limited,    54.90,13823970,    18.51
Eros International Media Limited,    16.25,0,     0.00
Esab India Limited,    73.72,0,     0.00
Escorts Kubota Limited,    69.51,0,     0.00
Essar Shipping Limited,    73.75,0,     0.00
Ester Industries Limited,    62.46,0,     0.00
Euro Ceramics Limited,    10.09,3403895,    99.99
Euro Multivision Limited,    47.01,0,     0.00
Eurotex Industries and Exports Limited,    70.99,0,     0.00
Eveready Industries India Limited,    43.20,4573,     0.01
Everest Industries Limited,    50.25,0,     0.00
Everest Kanto Cylinder Limited,    67.39,0,     0.00
Excel Industries Limited,    52.95,2182,     0.03
Excel Realty N Infra Limited,    19.12,0,     0.00
Exide Industries Limited,    45.99,0,     0.00
Expleo Solutions Limited,    71.05,0,     0.00
FCS Software Solutions Limited,    19.65,0,     0.00
FDC Limited,    69.66,0,     0.00
Fedders Electric and Engineering Limited,   100.00,,
Federal-Mogul Goetze (India) Limited.,    74.98,0,     0.00
Fertilizers and Chemicals Travancore Limited,    90.00,0,     0.00
Fiem Industries Limited,    66.56,0,     0.00
Filatex India Limited,    64.76,0,     0.00
Finolex Cables Limited,    36.02,0,     0.00
Finolex Industries Limited,    52.81,0,     0.00
Firstsource Solutions Limited,    55.00,0,     0.00
Five-Star Business Finance Limited,    26.51,200,     0.00
Flexituff Ventures International Limited,    33.79,6648720,    64.08
Foods & Inns Limited,    20.58,1188000,    10.17
Fortis Healthcare Limited,    31.17,0,     0.00
Foseco India Limited,    74.98,0,     0.00
Fusion Micro Finance Limited,    58.11,1620000,     2.76
Future Consumer Limited,     3.65,6341902,     8.70
Future Enterprises Limited,    16.37,45750000,    61.44
Future Enterprises Limited,    72.22,0,     0.00
Future Lifestyle Fashions Limited,    20.48,40968074,    99.12
Future Market Networks Limited,    65.31,0,     0.00
Future Retail Limited,    14.31,24162063,    31.14
Future Supply Chain Solutions Limited,    21.95,9632685,   100.00
GACM Technologies Limited,     8.27,0,     0.00
GACM Technologies Limited,     0.16,0,     0.00
GAIL (India) Limited,    52.25,0,     0.00
GB Global Limited,    99.95,4,     0.00
GE Power India Limited,    68.58,0,     0.00
GE T&D India Limited,    75.00,0,     0.00
GFL Limited,    68.72,0,     0.00
GHCL Limited,    19.04,200244,     1.10
GIC Housing Finance Limited,    42.41,0,     0.00
GKW Limited,    75.00,0,     0.00
GM Breweries Limited,    74.43,0,     0.00
GMR Airports Infrastructure Limited,    59.07,2076323947,    58.23
GNA Axles Limited,    68.16,0,     0.00
GOCL Corporation Limited,    72.82,0,     0.00
GP Petroleums Limited,    63.44,0,     0.00
GPT Infraprojects Limited,    75.00,29667720,    68.00
GRP Limited,    40.36,1000,     0.19
GSS Infotech Limited,    21.70,0,     0.00
GTL Infrastructure Limited,     3.28,420144016,   100.00
GTL Limited,    14.29,22000000,    97.86
GTPL Hathway Limited,    75.00,0,     0.00
GVK Power & Infrastructure Limited,    54.25,0,     0.00
Gabriel India Limited,    55.00,0,     0.00
Galaxy Surfactants Limited,    70.91,4000,     0.02
Gallantt Ispat Limited,    68.93,513500,     0.31
Gandhi Special Tubes Limited,    73.53,0,     0.00
Ganesh Housing Corporation Limited,    73.06,0,     0.00
Ganesha Ecosphere Limited,    36.60,0,     0.00
Gangotri Textiles Limited,    24.53,5987593,    74.84
Gayatri Highways Limited,    61.15,133199035,    90.89
Gayatri Projects Limited,     3.94,0,     0.00
GeeCee Ventures Limited,    67.71,0,     0.00
Genesys International Corporation Limited,    37.91,0,     0.00
Gensol Engineering Limited,    62.62,14955552,    63.06
Genus Paper & Boards Limited,    50.51,14000000,    10.78
Genus Power Infrastructures Limited,    42.66,79831609,    61.60
Geojit Financial Services Limited,    54.59,0,     0.00
Ghcl Textiles Limited,    19.15,200244,     1.09
Gillanders Arbuthnot & Company Limited,    69.08,0,     0.00
Gillette India Limited,    75.00,0,     0.00
Ginni Filaments Limited,    69.72,10408300,    17.43
Gitanjali Gems Limited,    27.76,25866102,    78.56
GlaxoSmithKline Pharmaceuticals Limited,    75.00,0,     0.00
Glenmark Life Sciences Limited,    82.85,9609571,     9.47
Glenmark Pharmaceuticals Limited,    46.64,0,     0.00
Global Vectra Helicorp Limited,    75.00,0,     0.00
Globe Textiles (India) Limited,    42.11,0,     0.00
Globus Spirits Limited,    50.98,0,     0.00
Gmr Power And Urban Infra Limited,    59.83,271250000,    75.11
Go Fashion (India) Limited,    52.79,4656200,    16.33
Goa Carbon Limited,    59.72,0,     0.00
Godawari Power And Ispat limited,    63.26,0,     0.00
Godfrey Phillips India Limited,    72.99,0,     0.00
Godha Cabcon & Insulation Limited,     7.97,0,     0.00
Godrej Consumer Products Limited,    63.21,4263670,     0.66
Godrej Industries Limited,    67.16,12708622,     5.62
Godrej Properties Limited,    58.48,0,     0.00
Goenka Diamond and Jewels Limited,    57.55,0,     0.00
Gokaldas Exports Limited,    10.58,0,     0.00
Gokul Agro Resources Limited,    73.62,15000000,    13.81
Gokul Refoils and Solvent Limited,    73.01,,
Golden Tobacco Limited,    30.04,0,     0.00
Goldiam International Limited,    64.26,0,     0.00
Granules India Limited,    41.96,4100000,     4.03
Graphite India Limited,    65.34,0,     0.00
Grasim Industries Limited,    43.37,0,     0.00
Gravita India Limited,    67.93,0,     0.00
Greaves Cotton Limited,    56.00,0,     0.00
Greenply Industries Limited,    52.00,0,     0.00
Grindwell Norton Limited,    58.03,0,     0.00
Gufic Biosciences Limited,    72.51,0,     0.00
Gujarat Alkalies and Chemicals Limited,    46.28,0,     0.00
Gujarat Ambuja Exports Limited,    63.84,0,     0.00
Gujarat Apollo Industries Limited,    54.79,0,     0.00
Gujarat Fluorochemicals Limited,    63.81,3500600,     4.99
Gujarat Industries Power Company Limited,    55.43,0,     0.00
Gujarat Lease Financing Limited,    45.67,0,     0.00
Gujarat Mineral Development Corporation Limited,    74.00,0,     0.00
Gujarat Narmada Valley Fertilizers and Chemicals Limited,    41.30,0,     0.00
Gujarat Pipavav Port Limited,    44.01,0,     0.00
Gujarat Raffia Industries Limited,    39.64,0,     0.00
Gujarat State Fertilizers & Chemicals Limited,    37.84,0,     0.00
Gujarat State Petronet Limited,    37.63,0,     0.00
Gulf Oil Lubricants India Limited,    71.80,0,     0.00
HBL Power Systems Limited,    59.11,0,     0.00
HCL Infosystems Limited,    62.89,0,     0.00
HCL Technologies Limited,    61.02,0,     0.00
HDFC Bank Limited,    13.54,0,     0.00
HEC Infra Projects Limited,    73.20,0,     0.00
HEG Limited,    55.78,0,     0.00
HFCL Limited,    37.75,241548750,    44.41
HIL Limited,    40.57,0,     0.00
HLV LIMITED,    47.03,105000000,    33.86
HMT Limited,    93.69,0,     0.00
HOV Services Limited,    50.42,0,     0.00
HT Media Limited,    70.13,0,     0.00
Happiest Minds Technologies Limited,    52.16,5483884,     6.90
Harrisons  Malayalam Limited,    54.12,0,     0.00
Hathway Cable & Datacom Limited,    75.00,0,     0.00
Hatsun Agro Product Limited,    73.15,0,     0.00
Havells India Limited,    59.43,0,     0.00
Heads UP Ventures Limited,    13.79,0,     0.00
Healthcare Global Enterprises Limited,    71.28,3067000,     3.09
HeidelbergCement India Limited,    69.39,0,     0.00
Hercules Hoists Limited,    69.61,0,     0.00
Heritage Foods Limited,    41.30,0,     0.00
Hero MotoCorp Limited,    34.76,0,     0.00
Hester Biosciences Limited,    53.73,0,     0.00
Heubach Colorants India Limited,    54.37,0,     0.00
Hexa Tradex Limited,    92.13,0,     0.00
Hi-Tech Pipes Limited,    53.20,2296000,     2.88
Hikal Limited,    68.85,0,     0.00
Hilton Metal Forging Limited,    27.67,0,     0.00
Himadri Speciality Chemical Limited,    50.29,0,     0.00
Himatsingka Seide Limited,    47.57,0,     0.00
Hind Rectifiers Limited,    44.05,0,     0.00
Hindalco Industries Limited,    35.10,0,     0.00
Hinduja Global Solutions Limited,    67.71,0,     0.00
Hindustan Composites Limited,    74.97,0,     0.00
Hindustan Construction Company Limited,    18.59,239919286,    85.32
Hindustan Copper Limited,    66.14,0,     0.00
Hindustan Media Ventures Limited,    74.61,0,     0.00
Hindustan Motors Limited,    32.34,0,     0.00
Hindustan Oil Exploration Company Limited,     0.00,0,
Hindustan Petroleum Corporation Limited,    54.90,0,     0.00
Hindustan Unilever Limited,    61.90,0,     0.00
Hindustan Zinc Limited,    64.92,2697920004,    98.35
Hindusthan National Glass & Industries Limited,    70.73,61123840,    96.50
Hitech Corporation Limited,    74.43,0,     0.00
Honda India Power Products Limited,    66.67,0,     0.00
Honeywell Automation India Limited,    75.00,0,     0.00
Housing Development and Infrastructure Limited,    39.28,0,     0.00
Hubtown Limited,    47.85,25658025,    67.08
Huhtamaki India Limited,    67.73,0,     0.00
ICDS Limited,    51.39,0,     0.00
ICICI Bank Limited,    19.58,0,     0.00
ICRA Limited,    52.20,0,     0.00
ICSA (India) Limited,     5.51,0,     0.00
IDBI Bank Limited,    94.71,0,     0.00
IDFC Limited,     0.00,0,
IFB Agro Industries Limited,    65.00,0,     0.00
IFB Industries Limited,    74.96,0,     0.00
IFCI Limited,    70.32,0,     0.00
IG Petrochemicals Limited,    68.74,0,     0.00
IIFL Finance Limited,    24.78,,
IL&FS Engineering and Construction Company Limited,    42.25,0,     0.00
IL&FS Investment Managers Limited,    50.42,0,     0.00
IL&FS Transportation Networks Limited,    73.22,236582632,    98.23
IMP Powers Limited,    16.76,1171751,    80.97
INCREDIBLE INDUSTRIES LIMITED,    74.96,23849513,    68.03
IOL Chemicals and Pharmaceuticals Limited,    48.19,0,     0.00
IPCA Laboratories Limited,    46.30,0,     0.00
IRB Infrastructure Developers Limited,    34.39,1014552000,    48.85
ISMT Limited,    74.95,39999,     0.02
ITC Limited,     0.05,0,     0.00
ITD Cementation India Limited,    46.64,0,     0.00
ITI Limited,    90.00,0,     0.00
IVP Limited,    71.32,0,     0.00
IVRCL Limited,     5.37,42032166,   100.00
IZMO Limited,    31.90,0,     0.00
Igarashi Motors India Limited,    75.00,0,     0.00
Imagicaaworld Entertainment Limited,    70.85,0,     0.00
Impex Ferro Tech Limited,    69.10,60764846,   100.00
Ind-Swift Laboratories Limited,    42.00,12054131,    48.57
Ind-Swift Limited,    55.58,12888400,    42.81
Indbank Merchant Banking Services Limited,    64.84,0,     0.00
India Glycols Limited,    61.01,0,     0.00
India Motor Parts and Accessories Limited,    30.71,0,     0.00
India Nippon Electricals Limited,    70.37,0,     0.00
Indiabulls Housing Finance Limited,     1.71,0,     0.00
Indiabulls Real Estate Limited,     0.18,0,     0.00
Indian Bank,    73.84,0,     0.00
Indian Card Clothing Company Limited,    67.33,0,     0.00
Indian Hume Pipe Company Limited,    72.34,11694995,    30.69
Indian Metals & Ferro Alloys Limited,    58.69,0,     0.00
Indian Oil Corporation Limited,    51.50,,
Indian Overseas Bank,    96.38,0,     0.00
Indian Terrain Fashions Limited,    34.24,0,     0.00
Indo Count Industries Limited,    58.74,0,     0.00
Indo Rama Synthetics (India) Limited,    74.84,0,     0.00
Indo Tech Transformers Limited,    75.00,4686000,    58.83
Indo Thai Securities Limited,    72.18,0,     0.00
Indo-National Limited,    65.35,0,     0.00
Indoco Remedies Limited,    58.76,0,     0.00
Indosolar Limited,    96.15,0,     0.00
Indowind Energy Limited,    50.76,0,     0.00
Indraprastha Gas Limited,    45.00,0,     0.00
Indraprastha Medical Corporation Limited,    51.00,0,     0.00
Indus Fila Limited,    44.10,70047,     0.82
Indus Towers Limited,    69.03,567164035,    30.49
Indusind Bank Limited,    23.02,53441870,    29.82
Industrial Investment Trust Limited,    54.87,0,     0.00
Infibeam Avenues Limited,    27.87,0,     0.00
Info Edge (India) Limited,    38.08,0,     0.00
Infomedia Press Limited,    50.69,0,     0.00
Infosys Limited,    24.07,0,     0.00
Ingersoll Rand (India) Limited,    75.00,0,     0.00
Inox Green Energy Services Limited,    55.72,21400000,    13.08
Inox Wind Limited,    52.87,3110000,     1.80
Insecticides (India) Limited,    72.16,0,     0.00
Inspirisys Solutions Limited,    69.95,0,     0.00
Integra Essentia Limited,    20.81,0,     0.00
Intense Technologies Limited,    20.71,0,     0.00
Intrasoft Technologies Limited,    47.68,0,     0.00
Inventure Growth & Securities Limited,    26.40,0,     0.00
Iris Business Services Limited,    37.10,0,     0.00
J.Kumar Infraprojects Limited,    46.65,8000000,    22.67
JB Chemicals & Pharmaceuticals Limited,    53.78,0,     0.00
JBF Industries Limited,    22.91,1800000,     9.60
JBM Auto Limited,    67.53,0,     0.00
JHS Svendgaard Laboratories Limited,    37.73,0,     0.00
JIK Industries Limited,    49.06,0,     0.00
JITF Infralogistics Limited,    63.03,0,     0.00
JK Cement Limited,    45.70,0,     0.00
JK Lakshmi Cement Limited,    46.34,0,     0.00
JK Paper Limited,    49.63,0,     0.00
JK Tyre & Industries Limited,    53.13,0,     0.00
JM Financial Limited,    56.44,0,     0.00
JSW Energy Limited,    73.88,130827794,    10.77
JSW Holdings Limited,    66.31,333702,     4.53
JSW Steel Limited,    45.17,166993511,    15.12
Jagran Prakashan Limited,    69.00,150134478,    99.97
Jagsonpal Pharmaceuticals Limited,    68.09,0,     0.00
Jai Balaji Industries Limited,    60.80,30782233,    30.94
Jai Corp Limited,    73.79,0,     0.00
Jain Irrigation Systems Limited,    30.37,0,     0.00
Jain Irrigation Systems Limited,    26.40,82020809,    46.54
Jain Studios Limited,    59.87,15924000,    93.02
Jaiprakash Associates Limited,    29.97,156750,     0.02
Jaiprakash Power Ventures Limited,    24.00,1302697997,    79.20
Jamna Auto Industries Limited,    49.94,3030000,     1.52
Jash Engineering Limited,    49.44,25000,     0.41
Jay Bharat Maruti Limited,    59.35,0,     0.00
Jayant Agro Organics Limited,    67.12,0,     0.00
Jayaswal Neco Industries Limited,    53.02,514838934,   100.00
Jaypee Infratech Limited,    60.98,708356087,    83.63
Jayshree Tea & Industries Limited,    50.68,0,     0.00
Jet Airways (India) Limited,    24.99,5895704,    20.77
Jet Freight Logistics Limited,    50.92,6180000,    26.16
Jindal Cotex Limited,    26.04,8896178,    75.90
Jindal Drilling And Industries Limited,    64.25,0,     0.00
Jindal Photo Limited,    74.20,0,     0.00
Jindal Poly Films Limited,    74.55,0,     0.00
Jindal Poly Investment and Finance Company Limited,    74.63,0,     0.00
Jindal Saw Limited,    63.76,0,     0.00
Jindal Stainless Limited,    60.49,0,     0.00
Jindal Steel & Power Limited,    62.93,81825030,    12.75
Jindal Worldwide Limited,    60.31,10903829,     9.02
Jocil Limited,    55.02,0,     0.00
Johnson Controls - Hitachi Air Conditioning India Limited,    74.25,6525812,    32.32
Jtekt India Limited,    74.98,0,     0.00
Jubilant Foodworks Limited,    42.29,13780000,     4.94
Jubilant Industries Limited,    74.78,0,     0.00
Jubilant Ingrevia Limited,    52.28,2825000,     3.39
Jubilant Pharmova Limited,    51.26,0,     0.00
Jumbo Bag Limited,    43.43,0,     0.00
Jupiter Wagons Limited,    70.12,0,     0.00
Just Dial Limited,    74.30,8888632,    14.07
Jyothy Labs Limited,    62.89,0,     0.00
Jyoti Structures Limited,     0.00,0,
K.M.Sugar Mills Limited,    56.51,0,     0.00
K.P.R. Mill Limited,    73.76,0,     0.00
KCP Limited,    43.95,0,     0.00
KCP Sugar and Industries Corporation Limited,    40.59,0,     0.00
KDDL Limited,    50.21,0,     0.00
KEC International Limited,    51.88,0,     0.00
KEI Industries Limited,    37.08,0,     0.00
KNR Constructions Limited,    51.09,0,     0.00
KPI Green Energy Limited,    53.08,14565116,    45.52
KPIT Technologies Limited,    40.54,0,     0.00
KRBL Limited,    60.17,0,     0.00
KSK Energy Ventures Limited,    25.60,96346490,    88.76
KSS Limited,     0.00,0,
Kabra Extrusion Technik Limited,    60.24,0,     0.00
Kajaria Ceramics Limited,    47.49,0,     0.00
Kakatiya Cement Sugar & Industries Limited,    54.25,0,     0.00
Kalpataru Projects International Limited,    40.59,20780234,    31.51
Kalyani Forge Limited,    58.71,0,     0.00
Kalyani Investment Company Limited,    74.97,0,     0.00
Kalyani Steels Limited,    64.70,0,     0.00
Kamat Hotels (I) Limited,    63.34,13862525,    84.49
Kamdhenu Limited,    58.74,0,     0.00
Kanani Industries Limited,    57.21,0,     0.00
Kanoria Chemicals & Industries Limited,    74.40,9612534,    29.57
Kansai Nerolac Paints Limited,    74.99,0,     0.00
Kapston Services Limited,    72.87,0,     0.00
Karma Energy Limited,    74.70,0,     0.00
Karur Vysya Bank Limited,     2.20,1182784,     6.70
Karuturi Global Limited,    24.47,10000000,     2.73
Kaushalya Infrastructure Development Corporation Limited,    51.42,0,     0.00
Kaveri Seed Company Limited,    62.09,,
Kavveri Telecom Products Limited,    15.14,1050000,    34.47
Kellton Tech Solutions Limited,    51.94,8400000,    16.69
Kernex Microsystems (India) Limited,    29.15,428297,     8.77
Kesoram Industries Limited,    43.34,68817624,    51.11
Kewal Kiran Clothing Limited,    74.26,0,     0.00
Keynote Financial Services Limited,    56.43,0,     0.00
Khaitan (India) Limited,    60.24,940000,    32.85
Khaitan Chemicals & Fertilizers Limited,    74.99,0,     0.00
Khandwala Securities Limited,    47.76,1733321,    23.79
Kilitch Drugs (India) Limited,    69.23,0,     0.00
Kiri Industries Limited,    26.72,59573,     0.43
Kirloskar Brothers Limited,    65.95,0,     0.00
Kirloskar Electric Company Limited,    49.51,24886143,    75.68
Kirloskar Industries Limited,    71.51,0,     0.00
Kirloskar Oil Engines Limited,    41.21,0,     0.00
Kitex Garments Limited,    56.66,0,     0.00
Kohinoor Foods Limited,    37.67,0,     0.00
Kokuyo Camlin Limited,    74.99,0,     0.00
Kolte - Patil Developers Limited,    69.45,0,     0.00
Kopran Limited,    44.49,0,     0.00
Kotak Mahindra Bank Limited,    25.90,0,     0.00
Kothari Petrochemicals Limited,    70.98,0,     0.00
Kothari Products Limited,    74.99,0,     0.00
Kothari Sugars And Chemicals Limited,    73.53,0,     0.00
Kovai Medical Center & Hospital Limited,    50.02,0,     0.00
Krebs Biochemicals and Industries Limited,    72.74,0,     0.00
Kridhan Infra Limited,    47.15,0,     0.00
Krishana Phoschem Limited,    71.01,1000,     0.00
Krishna Institute of Medical Sciences Limited,    38.82,5002438,    16.10
Ksb Limited,    66.69,0,     0.00
Kshitij Polyline Limited,     0.00,0,
Kuantum Papers Limited,    70.30,0,     0.00
L&T Finance Limited,    65.86,0,     0.00
LCC Infotech Limited,    45.84,0,     0.00
LEEL Electricals Limited,    42.11,84411,     0.50
LG Balakrishnan & Bros Limited,    33.74,0,     0.00
LGB Forge Limited,    73.79,0,     0.00
LIC Housing Finance Limited,    45.24,0,     0.00
LLOYDS ENGINEERING WORKS LIMITED,    57.45,0,     0.00
LT Foods Limited,    51.00,0,     0.00
La Opala RG Limited,    65.64,0,     0.00
Lagnam Spintex Limited,    68.50,5829000,    48.16
Lakshmi Energy and Foods Limited,    53.40,,
Lakshmi Finance & Industrial Corporation Limited,    47.00,0,     0.00
Lakshmi Machine Works Limited,    31.13,,
Lakshmi Precision Screws Limited,    62.85,0,     0.00
Lambodhara Textiles Limited,    73.17,2982506,    39.28
Landmark Property Development Company Limited,    64.86,0,     0.00
Larsen & Toubro Limited,     1.37,0,     0.00
Lasa Supergenerics Limited,    53.65,5553649,    20.66
Laurus Labs Limited,    27.19,0,     0.00
Lemon Tree Hotels Limited,    22.93,0,     0.00
Liberty Shoes Limited,    58.50,75000,     0.75
Linde India Limited,    75.00,0,     0.00
Lloyds Metals And Energy Limited,    65.73,80433193,    24.22
Lokesh Machines Limited,    50.76,628000,     6.69
Lotus Eye Hospital and Institute Limited,    41.40,0,     0.00
Lovable Lingerie Limited,    63.95,0,     0.00
Lumax Auto Technologies Limited,    55.98,0,     0.00
Lumax Industries Limited,    75.00,0,     0.00
Lupin Limited,    47.01,0,     0.00
Lyka Labs Limited,    54.81,0,     0.00
Lypsa Gems & Jewellery Limited,    36.37,0,     0.00
MBL Infrastructure Limited,    67.40,1060000,     1.50
MEP Infrastructure Developers Limited,    32.41,49974268,    84.05
MIRC Electronics Limited,    53.36,42525503,    34.51
MM Forgings Limited,    56.34,0,     0.00
MMTC Limited,    89.93,0,     0.00
MOIL Limited,    64.68,0,     0.00
MPS Limited,    69.19,0,     0.00
MRF Limited,    27.78,1100,     0.09
MRO-TEK Realty Limited,    55.04,0,     0.00
MSP Steel & Power Limited,    41.62,160405525,   100.00
MT Educare Limited,    59.12,21668416,    50.74
MVL Limited,    55.59,102348420,    30.62
Maan Aluminium Limited,    58.87,0,     0.00
Macrotech Developers Limited,    72.16,0,     0.00
Madhav Marbles and Granites Limited,    43.47,0,     0.00
Madhucon Projects Limited,    59.08,0,     0.00
Madhya Bharat Agro Products Limited,    74.52,0,     0.00
Madras Fertilizers Limited,    85.27,0,     0.00
Magnum Ventures Limited,    51.36,0,     0.00
Maha Rashtra Apex Corporation Limited,    62.54,0,     0.00
Mahanagar Telephone Nigam Limited,    56.25,0,     0.00
Maharashtra Scooters Limited,    51.00,0,     0.00
Maharashtra Seamless Limited,    68.00,0,     0.00
Mahindra & Mahindra Financial Services Limited,    52.25,0,     0.00
Mahindra & Mahindra Limited,    24.20,140000,     0.05
Mahindra Holidays & Resorts India Limited,    66.97,0,     0.00
Mahindra Lifespace Developers Limited,    51.17,0,     0.00
Maithan Alloys Limited,    74.99,0,     0.00
Mallcom (India) Limited,    73.69,0,     0.00
Malu Paper Mills Limited,    69.95,0,     0.00
Man Industries (India) Limited,    46.15,8130000,    27.21
Man Infraconstruction Limited,    67.31,0,     0.00
Manaksia Coated Metals & Industries Limited,    69.19,0,     0.00
Manaksia Limited,    74.93,0,     0.00
Manali Petrochemicals Limited,    44.86,0,     0.00
Manappuram Finance Limited,    35.20,0,     0.00
Mangalam Cement Limited,    36.94,0,     0.00
Mangalam Drugs And Organics Limited,    50.32,1400100,    17.58
Mangalore Chemicals & Fertilizers Limited,    60.63,34550907,    48.09
Mangalore Refinery and Petrochemicals Limited,    88.58,0,     0.00
Manpasand Beverages Limited,    44.33,50730000,    99.97
Manugraph India Limited,    57.67,0,     0.00
Maral Overseas Limited,    74.95,14942880,    48.03
Marico Limited,    59.46,1000000,     0.13
Marksans Pharma Limited,    43.85,0,     0.00
Maruti Suzuki India Limited,    58.19,0,     0.00
Mastek Limited,    36.26,,
Mawana Sugars Limited,    63.49,0,     0.00
Max Financial Services Limited,     6.52,15570547,    69.15
Max Healthcare Institute Limited,    23.75,0,     0.00
Max India Limited,    50.94,0,     0.00
Mayur Uniquoters Ltd,    58.52,0,     0.00
McDowell Holdings Limited,     2.27,317030,   100.00
Mcleod Russel India Limited,     6.25,3724,     0.06
Mcnally Bharat Engineering Company Limited,    32.79,6536722,     9.42
Medplus Health Services Limited,    40.49,26153991,    54.04
Megasoft Limited,    43.54,0,     0.00
Meghmani Organics Limited,    49.32,0,     0.00
Melstar Information Technologies Limited,    47.06,0,     0.00
Menon Bearings Limited,    70.18,2300000,     5.85
Mercator Limited,     3.01,9000000,    98.88
Metalyst Forgings Limited,    61.32,0,     0.00
Metkore Alloys & Industries Limited,    57.22,,
Metropolis Healthcare Limited,    49.67,300000,     1.18
Mic Electronics Limited,    74.59,3377000,     2.04
Mirza International Limited,    71.39,0,     0.00
Modi Rubber Limited,    62.69,0,     0.00
Mohit Industries Limited,    54.32,0,     0.00
Mold-Tek Packaging Limited,    32.76,25000,     0.23
Mold-Tek Technologies Limited,    49.02,0,     0.00
Monarch Networth Capital Limited,    55.92,608417,     3.21
Monte Carlo Fashions Limited,    73.17,0,     0.00
Morarjee Textiles Limited,    63.87,0,     0.00
Morepen Laboratories Limited,    38.22,0,     0.00
Motherson Sumi Wiring India Limited,    61.73,0,     0.00
Motilal Oswal Financial Services Limited,    69.16,2000,     0.00
MphasiS Limited,    55.46,0,     0.00
Mtar Technologies Limited,    37.26,984666,     8.59
Mukand Limited,    74.70,0,     0.00
Mukta Arts Limited,    70.71,0,     0.00
Munjal Auto Industries Limited,    74.81,0,     0.00
Munjal Showa Limited,    65.02,0,     0.00
Murudeshwar Ceramics Limited,    73.94,0,     0.00
Muthoot Finance Limited,    73.35,0,     0.00
N R Agarwal Industries Limited,    73.96,12516998,    99.43
NACL Industries Limited,    63.72,9033424,     7.12
NAVA LIMITED,    48.84,0,     0.00
NBCC (India) Limited,    61.75,0,     0.00
NCC Limited,    22.00,0,     0.00
NCL Industries Limited,    43.71,3730677,    18.87
NDL Ventures Limited,    64.67,0,     0.00
NELCO Limited,    50.09,0,     0.00
NHPC Limited,    67.40,0,     0.00
NIIT Limited,    34.72,0,     0.00
NK Industries Limited,    73.27,,
NLC India Limited,    72.20,0,     0.00
NMDC Limited,    60.79,0,     0.00
NOCIL Limited,    33.84,7391360,    13.11
NRB Bearing Limited,    50.69,0,     0.00
NRB Industrial Bearings Limited,    74.59,0,     0.00
NTPC Limited,    51.10,0,     0.00
Nagarjuna Fertilizers and Chemicals Limited,    56.99,296072140,    86.86
Nagreeka Capital & Infrastructure Limited,    53.53,0,     0.00
Nagreeka Exports Limited,    57.32,0,     0.00
Nahar Capital and Financial Services Limited,    71.54,0,     0.00
Nahar Industrial Enterprises Limited,    71.24,0,     0.00
Nahar Poly Films Limited,    71.48,0,     0.00
Nahar Spinning Mills Limited,    67.04,0,     0.00
Nakoda Group of Industries Limited,    60.35,900000,    11.72
Nakoda Limited,    45.62,6218400,     4.54
Nalwa Sons Investments Limited,    55.62,0,     0.00
Nandan Denim Limited,    64.87,0,     0.00
Nandani Creation Limited,    51.46,1339100,    22.76
Narmada Agrobase Limited,    63.57,0,     0.00
Natco Pharma Limited,    49.71,0,     0.00
Nath Bio-Genes (India) Limited,    45.60,1419000,    16.38
National Aluminium Company Limited,    51.28,0,     0.00
National Fertilizers Limited,    74.71,0,     0.00
Navin Fluorine International Limited,    28.81,450000,     3.15
Navkar Corporation Limited,    70.45,0,     0.00
Navneet Education Limited,    63.31,0,     0.00
Nazara Technologies Limited,    16.43,0,     0.00
Nectar Lifesciences Limited,    64.87,99468000,    68.38
Nelcast Limited,    74.87,0,     0.00
Nesco Limited,    68.54,0,     0.00
Network18 Media & Investments Limited,    75.00,0,     0.00
Neueon Towers Limited,    37.27,21073086,    99.99
Neuland Laboratories Limited,    32.74,0,     0.00
New Delhi Television Limited,    69.71,0,     0.00
Next Mediaworks Limited,    74.99,0,     0.00
Nilkamal Limited,    64.54,0,     0.00
Nippon Life India Asset Management Limited,    72.86,0,     0.00
Nitco Limited,    47.93,33322465,    96.74
Nitin Fire Protection Industries Limited,    23.69,37163888,    53.68
Nitin Spinners Limited,    56.46,0,     0.00
Noida Toll Bridge Company Limited,    26.37,0,     0.00
Norben Tea & Exports Limited,    51.44,0,     0.00
Nu Tek India Limited,     9.51,,
Nucleus Software Exports Limited,    73.27,0,     0.00
OM INFRA LIMITED,    69.09,0,     0.00
ORIENT CERATECH LIMITED,    63.58,0,     0.00
Oberoi Realty Limited,    67.70,0,     0.00
Oil & Natural Gas Corporation Limited,    58.89,0,     0.00
Oil Country Tubular Limited,    49.22,14489000,    66.47
Oil India Limited,    56.66,0,     0.00
Olectra Greentech Limited,    50.02,0,     0.00
Omax Autos Limited,    54.72,0,     0.00
Omaxe Limited,    74.14,46485657,    34.28
Omkar Speciality Chemicals Limited,    14.71,1717052,    56.73
OnMobile Global Limited,    47.94,0,     0.00
Onelife Capital Advisors Limited,    52.10,5400000,    77.59
Onward Technologies Limited,    38.12,0,     0.00
Optiemus Infracom Limited,    74.89,0,     0.00
Opto Circuits (India) Limited,    18.52,0,     0.00
Oracle Financial Services Software Limited,    72.75,0,     0.00
Orbit Exports Limited,    66.27,0,     0.00
Orchid Pharma Limited,    69.84,0,     0.00
Oricon Enterprises Limited,    66.97,0,     0.00
Orient Bell Limited,    64.90,0,     0.00
Orient Cement Limited,    37.90,0,     0.00
Orient Electric Limited,    38.31,0,     0.00
Orient Green Power Company Limited,    29.42,288308809,    99.92
Orient Paper & Industries Limited,    38.74,0,     0.00
Orient Press Limited,    73.00,0,     0.00
Oriental Hotels Limited,    67.55,152320,     0.13
Oriental Trimex Limited,    27.24,0,     0.00
Oswal Agro Mills Limited,    41.91,0,     0.00
Oswal Greentech Limited,    64.34,0,     0.00
PAKKA LIMITED,    47.79,15910156,    84.99
PC Jeweller Limited,    54.53,0,     0.00
PCBL LIMITED,    51.41,0,     0.00
PDS Limited,    65.93,0,     0.00
PG Electroplast Limited,    53.70,0,     0.00
PI Industries Limited,    46.10,0,     0.00
PIL ITALICA LIFESTYLE LIMITED,    50.09,0,     0.00
PNB GILTS LTD.,    74.07,0,     0.00
PNC Infratech Limited,    56.07,0,     0.00
PPAP Automotive Limited,    65.01,0,     0.00
PTC India Financial Services Limited,    64.99,0,     0.00
PTC India Limited,    16.22,0,     0.00
PTL Enterprises Limited,    69.82,,
PVP Ventures Limited,    61.40,0,     0.00
PVR INOX Limited,    27.84,1440000,     5.27
Page Industries Limited,    45.11,0,     0.00
Paisalo Digital Limited,    65.22,58775000,    10.04
Palash Securities Limited,    72.11,0,     0.00
Panacea Biotec Limited,    73.59,0,     0.00
Panama Petrochem Limited,    67.86,0,     0.00
Parag Milk Foods Limited,    42.75,0,     0.00
Paramount Communications Limited,    49.31,39674457,    26.52
Paras Petrofils Limited,    40.35,0,     0.00
Parenteral Drugs (India) Limited,    73.29,20649243,    94.50
Parsvnath Developers Limited,    66.30,86480000,    29.97
Pasupati Acrylon Limited,    65.87,0,     0.00
Patanjali Foods Limited,    73.77,,
Patel Engineering Limited,    44.21,270363109,    79.05
Patel Integrated Logistics Limited,    36.85,0,     0.00
Pearl Global Industries Limited,    66.19,0,     0.00
Pearl Polymers Limited,    55.58,0,     0.00
Peninsula Land Limited,    65.30,0,     0.00
Pennar Industries Limited,    39.62,1500000,     2.81
Persistent Systems Limited,    32.14,0,     0.00
Petronet LNG Limited,    50.00,0,     0.00
Pfizer Limited,    63.92,0,     0.00
Pidilite Industries Limited,    69.77,0,     0.00
Pioneer Embroideries Limited,    29.65,5300000,    60.65
Piramal Enterprises Limited,    46.69,0,     0.00
Pitti Engineering Limited,    59.29,3889060,    20.47
Plastiblends India Limited,    64.38,0,     0.00
Poddar Housing and Development Limited,    53.03,1263080,    32.78
Poly Medicure Limited,    53.15,0,     0.00
Polycab India Limited,    65.24,0,     0.00
Polyplex Corporation Limited,    26.69,8375084,    99.94
Ponni Sugars (Erode) Limited,    42.36,0,     0.00
Poonawalla Fincorp Limited,    62.65,0,     0.00
Power Finance Corporation Limited,    55.99,0,     0.00
Power Grid Corporation of India Limited,    51.34,0,     0.00
Praj Industries Limited,    32.81,0,     0.00
Prajay Engineers Syndicate Limited,    35.64,0,     0.00
Prakash Industries Limited,    44.24,10570863,    13.34
Prakash Pipes Limited,    44.27,0,     0.00
Prakash Steelage Limited,    33.52,60000,     0.10
Pratibha Industries Limited,    15.70,22758621,    60.74
Praxis Home Retail Limited,    33.16,0,     0.00
Precision Wires India Limited,    57.93,0,     0.00
Precot Limited,    61.51,0,     0.00
Premier Limited,    27.37,0,     0.00
Premier Polyfilm Limited,    67.37,0,     0.00
Prestige Estates Projects Limited,    65.48,0,     0.00
Prime Focus Limited,    69.88,,
Prime Securities Limited,     0.00,0,
Prince Pipes And Fittings Limited,    60.94,400,     0.00
Prism Johnson Limited,    74.87,0,     0.00
Pritish Nandy Communications Limited,    54.84,0,     0.00
Privi Speciality Chemicals Limited,    74.05,0,     0.00
Procter & Gamble Health Limited,    51.82,0,     0.00
Procter & Gamble Hygiene and Health Care Limited,    70.64,0,     0.00
Prozone Realty Limited,    24.39,0,     0.00
Prudential Sugar Corporation Limited,    66.84,0,     0.00
Punj Lloyd Limited,    13.93,0,     0.00
Punjab & Sind Bank,    98.25,0,     0.00
Punjab Chemicals & Crop Protection Limited,    39.22,0,     0.00
Punjab National Bank,    73.15,0,     0.00
Puravankara Limited,    75.00,0,     0.00
Quintegra Solutions Limited,     2.48,4,     0.00
R Systems International Limited,    51.93,0,     0.00
R. S. Software (India) Limited,    40.67,0,     0.00
R.P.P. Infra Projects Limited,    50.88,5010000,    25.79
REC Limited,    52.63,0,     0.00
RHI MAGNESITA INDIA LTD,    56.07,0,     0.00
RKEC Projects Limited,    67.30,9673154,    59.92
RPG Life Sciences Limited,    72.81,0,     0.00
RSWM Limited,    55.69,0,     0.00
Race Eco Chain Limited,    44.79,2340100,    31.79
Radaan Mediaworks India Limited,    51.42,27500000,    98.74
Radha Madhav Corporation Limited,    20.08,2400000,    13.09
Radico Khaitan Limited,    40.26,0,     0.00
Rain Industries Limited,    41.14,0,     0.00
Rainbow Papers Limited,    13.37,4850000,    34.16
Raj Television Network Limited,    71.20,0,     0.00
Rajdarshan Industries Limited,    63.66,0,     0.00
Rajesh Exports Limited,    54.55,0,     0.00
Rajshree Sugars & Chemicals Limited,    40.66,13473621,   100.00
Rajvir Industries Limited,    74.94,2073859,    69.27
Rallis India Limited,    55.08,0,     0.00
Rama Phosphates Limited,    75.00,1769321,    13.33
Ramco Industries Limited,    54.81,1840000,     3.87
Ramco Systems Limited,    51.89,0,     0.00
Ramkrishna Forgings Limited,    43.25,4500000,     5.76
Ramky Infrastructure Limited,    69.81,12412171,    25.70
Rana Sugars Limited,    22.64,0,     0.00
Rane (Madras) Limited,    72.65,0,     0.00
Rane Brake Lining Limited,    70.93,0,     0.00
Rane Engine Valve Limited,    58.32,0,     0.00
Rane Holdings Limited,    46.57,0,     0.00
Rashtriya Chemicals and Fertilizers Limited,    75.00,0,     0.00
Ratnamani Metals & Tubes Limited,    59.77,0,     0.00
RattanIndia Enterprises Limited,    74.96,113152174,    10.92
RattanIndia Power Limited,    44.06,2097598310,    88.65
Ravi Kumar Distilleries Limited,    23.59,0,     0.00
Raymond Limited,    49.14,4761334,    14.55
Redington Limited,     0.00,0,
Refex Industries Limited,    55.28,4034000,     6.31
Regency Ceramics Limited,    60.59,2687159,    16.77
Relaxo Footwears Limited,    71.27,0,     0.00
Reliance Capital Limited,     1.51,130000,     3.40
Reliance Communications Limited,     2.62,0,     0.00
Reliance Home Finance Limited,     0.74,0,     0.00
Reliance Industrial Infrastructure Limited,    45.43,0,     0.00
Reliance Industries Limited,    51.50,0,     0.00
Reliance Infrastructure Limited,    16.61,,
Reliance Naval and Engineering Limited,     0.00,0,
Reliance Power Limited,    23.24,,
Religare Enterprises Limited,     0.00,0,
Remsons Industries Limited,    65.30,0,     0.00
Renaissance Global Limited,    69.55,0,     0.00
Repco Home Finance Limited,    37.13,0,     0.00
Repro India Limited,    46.87,0,     0.00
Responsive Industries Limited,    59.14,2778579,     1.76
Resurgere Mines & Minerals Limited,    18.89,3000000,     7.99
Rico Auto Industries Limited,    50.34,0,     0.00
Rolta India Limited,     2.31,0,     0.00
Rossell India Limited,    74.80,0,     0.00
Royal Orchid Hotels Limited,    63.60,0,     0.00
Ruchi Infrastructure Limited,    66.25,0,     0.00
Ruchira Papers Limited,    68.67,0,     0.00
Rupa & Company Limited,    73.28,0,     0.00
Rushil Decor Limited,    56.39,0,     0.00
S H Kelkar and Company Limited,    58.95,5000000,     6.13
S&S Power Switchgears Limited,    50.21,0,     0.00
S.A.L. Steel Limited,    50.56,19500000,    45.39
SBC Exports Limited,    64.72,33325000,    16.22
SBI Home Finance Limited,    26.00,0,     0.00
SECUREKLOUD TECHNOLOGIES LIMITED,    43.52,1650000,    11.35
SEL Manufacturing Company Limited,    75.00,8946369,    36.00
SEMAC CONSULTANTS LIMITED,    72.61,0,     0.00
SEPC Limited,    26.96,30000000,     7.89
SHREE CEMENT LIMITED,    62.55,0,     0.00
SIL Investments Limited,    63.79,0,     0.00
SIS LIMITED,    71.70,0,     0.00
SJVN Limited,    81.85,0,     0.00
SKF India Limited,    52.58,0,     0.00
SKIL Infrastructure Limited,    56.26,79837477,    65.53
SKM Egg Products Export (India) Limited,    55.11,0,     0.00
SML Isuzu Limited,    43.96,0,     0.00
SMS Lifesciences India Limited,    71.19,0,     0.00
SMS Pharmaceuticals Limited,    64.67,10620000,    19.40
SONAM LIMITED,    72.41,1004174,     6.93
SPL Industries Limited,    68.93,0,     0.00
SPML Infra Limited,    39.35,1967487,    10.21
SRF Limited,    50.30,0,     0.00
STEEL EXCHANGE INDIA LIMITED,    55.41,413974050,    62.38
STL Global Limited,    65.76,0,     0.00
Sab Events & Governance Now Media Limited,    35.97,1528100,    40.52
Sadbhav Engineering Limited,    36.22,49987242,    80.45
Sadbhav Infrastructure Project Limited,    70.34,243204342,    98.17
Sadhana Nitrochem Limited,    65.65,22917442,    14.13
Sagar Cements Limited,    48.31,50444406,    79.89
Saksoft Limited,    71.65,0,     0.00
Sakthi Sugars Limited,    59.83,50323567,    70.77
Sakuma Exports Limited,    61.88,0,     0.00
Salasar Techno Engineering Limited,    63.07,40000000,     4.02
Salona Cotspin Limited,    67.09,0,     0.00
Salzer Electronics Limited,    37.32,1486900,    22.92
Sambhaav Media Limited,    62.93,0,     0.00
Samvardhana Motherson International Limited,    60.36,81780934,     2.00
Sanco Industries Limited,    42.50,0,     0.00
Sangam (India) Limited,    71.00,0,     0.00
Sanghi Industries Limited,    78.52,41601550,    20.51
Sanghvi Movers Limited,    47.25,0,     0.00
Sanofi India Limited,    60.40,0,     0.00
Sanwaria Consumer Limited,    15.34,0,     0.00
Sarda Energy & Minerals Limited,    72.64,0,     0.00
Saregama India Limited,    59.35,0,     0.00
Sarla Performance Fibers Limited,    56.61,0,     0.00
Sasken Technologies Limited,    43.25,0,     0.00
Sastasundar Ventures Limited,    73.92,0,     0.00
Sathavahana Ispat Limited,    39.58,4537831,    22.53
Satia Industries Limited,    52.46,0,     0.00
Satin Creditcare Network Limited,    36.61,0,     0.00
Savita Oil Technologies Limited,    68.92,0,     0.00
Schaeffler India Limited,    74.13,0,     0.00
Schneider Electric Infrastructure Limited,    75.00,0,     0.00
Seamec Limited,    72.04,0,     0.00
Sejal Glass Limited,    77.46,13538,     0.17
Selan Exploration Technology Limited,    30.46,0,     0.00
Sequent Scientific Limited,    52.96,0,     0.00
Servotech Power Systems Limited,    61.35,0,     0.00
Seshasayee Paper and Boards Limited,    42.78,0,     0.00
Setco Automotive Limited,    59.25,74972763,    94.59
Setubandhan Infrastructure Limited,    27.42,0,     0.00
Seya Industries Limited,    64.50,0,     0.00
Shah Alloys Limited,    53.78,,
Shah Metacorp Limited,    36.16,0,     0.00
Shakti Pumps (India) Limited,    51.58,0,     0.00
Shalby Limited,    74.99,0,     0.00
Shalimar Paints Limited,    75.73,18045745,    28.47
Shanthi Gears Limited,    70.47,0,     0.00
Sharda Cropchem Limited,    74.82,0,     0.00
Share India Securities Limited,    53.18,7651000,    37.72
Shekhawati Poly-Yarn Limited,    57.52,31019347,    15.65
Shemaroo Entertainment Limited,    65.77,0,     0.00
Shilpa Medicare Limited,    50.01,39248324,    90.41
Shipping Corporation Of India Limited,    63.75,0,     0.00
Shirpur Gold Refinery Limited,    43.66,5000000,    39.31
Shivam Autotech Limited,    74.80,0,     0.00
Shoppers Stop Limited,    65.54,7077204,     9.82
Shree Pushkar Chemicals & Fertilisers Limited,    68.60,0,     0.00
Shree Ram Proteins Limited,     4.08,0,     0.00
Shree Rama Multi-Tech Limited,    61.57,0,     0.00
Shree Rama Newsprint Limited,    74.76,0,     0.00
Shree Renuka Sugars Limited,    62.48,0,     0.00
Shrenik Limited,    30.72,178955894,    95.18
Shreyans Industries Limited,    50.53,0,     0.00
Shreyas Shipping & Logistics Limited,    70.44,0,     0.00
Shriram Finance Limited,    25.42,0,     0.00
Shyam Century Ferrous Limited,    51.54,0,     0.00
Shyam Metalics And Energy Limited,    74.98,2496,     0.00
Shyam Telecom Limited,    66.16,0,     0.00
Siemens Limited,    75.00,17806012,     6.67
Sigachi Industries Limited,    45.43,32350000,    21.70
Silver Touch Technologies Limited,    74.36,140624,     1.49
Simbhaoli Sugars Limited,    53.33,2632498,    11.96
Simplex Infrastructures Limited,    49.82,0,     0.00
Sintercom India Limited,    69.75,700000,     3.65
Sintex Plastics Technology Limited,     0.08,0,     0.00
Siti Networks Limited,     6.10,0,     0.00
Siyaram Silk Mills Limited,    67.44,0,     0.00
Smartlink Holdings Limited,    72.79,0,     0.00
Smc Global Securities Limited,    67.28,9602205,    13.63
Snowman Logistics Limited,    45.24,0,     0.00
Sobha Limited,    52.28,0,     0.00
Softtech Engineers Limited,    32.04,300000,     7.30
Solar Industries India Limited,    73.15,364498,     0.55
Solara Active Pharma Sciences Limited,    30.49,5266305,    47.99
Soma Textiles & Industries Limited,    72.76,0,     0.00
Somany Ceramics Limited,    55.02,0,     0.00
Sona Blw Precision Forgings Limited,    29.71,423,     0.00
Sonata Software Limited,    29.19,0,     0.00
Southern Petrochemicals Industries Corporation  Limited,    57.23,0,     0.00
Spandana Sphoorty Financial Limited,    59.75,1200000,     2.82
Speciality Restaurants Limited,    50.24,0,     0.00
Spentex Industries Limited,    42.10,37797226,   100.00
Sree Rayalaseema Hi-Strength Hypo Limited,    61.84,0,     0.00
Sreeleathers Limited,    75.00,0,     0.00
Sri Adhikari Brothers Television Network Limited,    51.41,63858,     0.42
Standard Industries Limited,    20.31,0,     0.00
Star Cement Limited,    66.59,208940,     0.08
Star Paper Mills Limited,    44.93,3310758,    47.21
State Bank Of India,    57.99,0,     0.00
Steel Authority of India Limited,    65.00,0,     0.00
Steel City Securities Limited,    70.19,0,     0.00
Steel Strips Wheels Limited,    60.98,,
Stel Holdings Limited,    66.19,0,     0.00
Sterling Tools Limited,    65.77,0,     0.00
Sterling and Wilson Renewable Energy Limited,    52.94,45874291,    37.16
Sterlite Technologies Limited,    53.98,0,     0.00
Stove Kraft Limited,    55.88,2700000,    14.62
Strides Pharma Science Limited,    25.88,17289561,    72.70
Styrenix Performance Materials Limited,    62.73,11031158,   100.00
Subros Limited,    36.79,0,     0.00
Sudarshan Chemical Industries Limited,    33.22,0,     0.00
Sula Vineyards Limited,    26.18,0,     0.00
Sumeet Industries Limited,     0.00,0,
Summit Securities Limited,    74.65,0,     0.00
Sun Pharma Advanced Research Company Limited,    65.67,5920000,     2.78
Sun Pharmaceutical Industries Limited,    54.48,26800000,     2.05
Sun TV Network Limited,    75.00,0,     0.00
Sundaram Brake Linings Limited,    65.54,0,     0.00
Sundaram Finance Limited,    38.68,0,     0.00
Sundaram Multi Pap Limited,    31.11,3272000,     2.22
Sundram Fasteners Limited,    48.51,0,     0.00
Sunflag Iron And Steel Company Limited,    51.16,0,     0.00
Sunteck Realty Limited,    63.24,0,     0.00
Super Spinning Mills Limited,    42.80,0,     0.00
Superhouse Limited,    54.88,0,     0.00
Suprajit Engineering Limited,    44.61,0,     0.00
Supreme Engineering Limited,    41.27,19000000,    18.42
Supreme Industries Limited,    48.85,0,     0.00
Supreme Infrastructure India Limited,    34.68,7462505,    83.73
Surana Telecom and Power Limited,    73.01,0,     0.00
Surya Roshni Limited,    63.32,0,     0.00
Suryalakshmi Cotton Mills Limited,    60.93,10956889,    95.63
Suryoday Small Finance Bank Limited,    22.40,5340000,    22.45
Sutlej Textiles and Industries Limited,    63.96,0,     0.00
Suumaya Industries Limited,    20.38,0,     0.00
Suven Life Sciences Limited,    69.57,0,     0.00
Suzlon Energy Limited,    13.29,0,     0.00
Swan Energy Limited,    53.96,31121000,    18.40
Swaraj Engines Limited,    52.12,0,     0.00
Swelect Energy Systems Limited,    56.37,0,     0.00
Symphony Limited,    73.39,0,     0.00
T T Limited,    58.69,0,     0.00
TATA CONSUMER PRODUCTS LIMITED,    33.57,,
TCPL Packaging Limited,    55.98,0,     0.00
TD Power Systems Limited,    34.27,0,     0.00
TECIL Chemicals and Hydro Power Limited,    47.71,0,     0.00
TGB Banquets And Hotels Limited,    31.71,2922400,    31.47
TIL Limited,    74.99,0,     0.00
TIPS Industries Limited,    63.86,0,     0.00
TITAGARH RAIL SYSTEMS LIMITED,    42.46,32000,     0.06
TREJHARA SOLUTIONS LIMITED,    23.07,344999,    10.30
TRF Limited,    34.12,0,     0.00
TTK Prestige Limited,    70.41,0,     0.00
TV Today Network Limited,    58.45,0,     0.00
TV Vision Limited,    36.61,6073000,    42.82
TV18 Broadcast Limited,    60.40,0,     0.00
TVS Electronics Limited,    59.91,0,     0.00
TVS Holdings Limited,    74.45,2444445,    16.23
TVS Motor Company Limited,    50.27,0,     0.00
TVS Srichakra Limited,    45.70,0,     0.00
Tainwala Chemical and Plastic (I) Limited,    67.45,0,     0.00
Taj GVK Hotels & Resorts Limited,    74.99,0,     0.00
Take Solutions Limited,    53.41,0,     0.00
Talbros Automotive Components Limited,    58.43,0,     0.00
Talwalkars Better Value Fitness Limited,    32.89,7122000,    69.83
Talwalkars Healthclubs Limited,    31.62,7292000,    74.39
Tamil Nadu Newsprint & Papers Limited,    35.32,,
Tamilnadu PetroProducts Limited,    34.54,0,     0.00
Tamilnadu Telecommunication Limited,    63.63,0,     0.00
Tanla Platforms Limited,    44.15,0,     0.00
Tantia Constructions Limited,    58.59,0,     0.00
Tarapur Transformers Limited,    44.63,8416460,    96.71
Tarmat Limited,    33.24,0,     0.00
Tata Chemicals Limited,    37.98,0,     0.00
Tata Communications Limited,    58.86,0,     0.00
Tata Consultancy Services Limited,    71.77,7160000,     0.28
Tata Elxsi Limited,    43.92,0,     0.00
Tata Investment Corporation Limited,    73.38,0,     0.00
Tata Motors Limited,     7.67,0,     0.00
Tata Motors Limited,    46.36,0,     0.00
Tata Power Company Limited,    46.86,0,     0.00
Tata Steel Limited,    33.19,0,     0.00
Tata Teleservices (Maharashtra) Limited,    74.36,0,     0.00
Tci Finance Limited,    24.72,0,     0.00
Teamlease Services Limited,    31.65,84050,     1.58
Teamo Productions HQ Limited,    38.70,70000000,    21.00
Tech Mahindra Limited,    35.09,,
Techindia Nirman Limited,    18.42,0,     0.00
Technocraft Industries (India) Limited,    74.61,0,     0.00
Technofab Engineering Limited,    48.22,1221405,    24.15
Tembo Global Industries Limited,    55.42,610560,     9.92
Tera Software Limited,    47.53,1082420,    18.20
Texmaco Infrastructure & Holdings Limited,    65.17,0,     0.00
Texmaco Rail & Engineering Limited,    48.14,0,     0.00
Texmo Pipes and Products Limited,    44.24,0,     0.00
Thangamayil Jewellery Limited,    67.32,440000,     2.38
The Andhra Sugars Limited,    47.19,1433120,     2.24
The Anup Engineering Limited,    42.74,0,     0.00
The Byke Hospitality Ltd,    42.83,0,     0.00
The Federal Bank  Limited,     1.01,0,     0.00
The Great Eastern Shipping Company Limited,    30.07,0,     0.00
The Hi-Tech Gears Limited,    56.23,0,     0.00
The India Cements Limited,    28.42,40657217,    46.16
The Indian Hotels Company Limited,    38.12,0,     0.00
The Jammu & Kashmir Bank Limited,    59.40,0,     0.00
The Karnataka Bank Limited,     0.00,0,
The Motor & General Finance Limited,    69.57,0,     0.00
The Orissa Minerals Development Company Limited,    50.01,0,     0.00
The Phoenix Mills Limited,    47.28,0,     0.00
The Ramco Cements Limited,    42.29,22274989,    22.29
The Ruby Mills Limited,    74.90,0,     0.00
The Sandesh Limited,    74.81,0,     0.00
The South Indian Bank Limited,     0.00,0,
The State Trading Corporation of India Limited,    90.00,0,     0.00
The Ugar Sugar Works Limited,    44.45,0,     0.00
The United Nilgiri Tea Estates Company Limited,    49.79,0,     0.00
The Western India Plywoods Limited,    40.79,349760,    10.10
Thejo Engineering Limited,    54.02,0,     0.00
Themis Medicare Limited,    67.15,1500000,     2.43
Thermax Limited,    67.47,0,     0.00
Thirumalai Chemicals Limited,    41.95,0,     0.00
Thomas Cook  (India)  Limited,    64.91,0,     0.00
Thomas Scott (India) Limited,    60.12,0,     0.00
Thyrocare Technologies Limited,    71.11,37656092,   100.00
Tide Water Oil Company (India) Limited,    64.73,0,     0.00
Tijaria Polypipes Limited,    35.16,0,     0.00
Tilaknagar Industries Limited,    40.19,0,     0.00
Time Technoplast Limited,    51.56,0,     0.00
Times Guaranty Limited,    74.92,0,     0.00
Timken India Limited,    57.70,0,     0.00
Tirupati Forge Limited,    57.69,0,     0.00
Titan Company Limited,    52.98,0,     0.00
Tokyo Plast International Limited,    63.65,0,     0.00
Torrent Pharmaceuticals Limited,    71.25,0,     0.00
Torrent Power Limited,    53.57,0,     0.00
Tourism Finance Corporation of India Limited,     8.04,0,     0.00
Transformers And Rectifiers (India) Limited,    69.65,22100000,    22.26
Transport Corporation of India Limited,    68.92,0,     0.00
Transwarranty Finance Limited,    61.85,0,     0.00
Tree House Education & Accessories Limited,    20.54,8642169,    99.45
Trent Limited,    37.01,0,     0.00
Trident Limited,    74.44,0,     0.00
Trigyn Technologies Limited,    44.51,0,     0.00
Triveni Engineering & Industries Limited,    60.98,0,     0.00
Triveni Turbine Limited,    55.84,0,     0.00
TruCap Finance Limited,    47.38,28525266,    51.50
Tube Investments of India Limited,    45.10,13000,     0.01
Tulsi Extrusions Limited,    25.88,3400000,    47.79
Tvs Supply Chain Solutions Limited,    43.13,15850000,     8.35
UCAL LIMITED,    70.28,0,     0.00
UCO Bank,    95.39,,
UFLEX Limited,    44.58,1360000,     4.22
UFO Moviez India Limited,    22.47,2266417,    26.15
UNO Minda Limited,    68.76,0,     0.00
UPL Limited,    32.35,0,     0.00
UltraTech Cement Limited,    60.13,0,     0.00
Uma Exports Limited,    72.51,0,     0.00
Unichem Laboratories Limited,    70.22,0,     0.00
Union Bank of India,    74.76,0,     0.00
Uniparts India Limited,    66.49,0,     0.00
Uniphos Enterprises Limited,    73.78,0,     0.00
Uniply Industries Limited,    14.44,3218475,    13.29
Unitech Limited,     5.13,5001000,     3.72
United Breweries Limited,    70.83,23229954,    12.40
United Drilling Tools Limited,    74.65,0,     0.00
United Spirits Limited,    56.67,4883705,     1.18
Unity Infraprojects Limited,    60.30,72863784,    99.97
Univa Foods Limited,     0.00,0,
Universal Cables Limited,    61.89,0,     0.00
Uravi T and Wedge Lamps Limited,    72.73,3187600,    39.85
Usha Martin Education & Solutions Limited,    42.09,0,     0.00
Usha Martin Limited,    46.86,0,     0.00
Uttam Sugar Mills Limited,    73.70,0,     0.00
V-Mart Retail Limited,    44.33,0,     0.00
V.S.T Tillers Tractors Limited,    55.63,0,     0.00
V2 Retail Limited,    54.28,0,     0.00
VA Tech Wabag Limited,    19.13,0,     0.00
VIP Clothing Limited,    49.59,7154412,    17.47
VIP Industries Limited,    51.76,0,     0.00
VLS Finance Limited,    50.84,0,     0.00
VRL Logistics Limited,    60.24,0,     0.00
VST Industries Limited,    32.53,0,     0.00
Vadilal Industries Limited,    64.73,2000,     0.04
Vaibhav Global Limited,    57.29,0,     0.00
Vakrangee Limited,    42.60,35000000,     7.75
Valecha Engineering Limited,    18.09,500000,    12.26
Valiant Organics Limited,    37.77,21559,     0.21
Valor Estate Limited,    47.44,101409641,    39.75
Value Industries Limited,    46.76,0,     0.00
Vardhman Acrylics Limited,    74.97,0,     0.00
Vardhman Holdings Limited,    74.90,0,     0.00
Vardhman Polytex Limited,    49.14,10931202,    81.52
Vardhman Special Steels Limited,    60.56,0,     0.00
Vardhman Textiles Limited,    64.13,0,     0.00
Varun Beverages Limited,    62.91,316408,     0.04
Vascon Engineers Limited,    31.62,19517124,    27.89
Vaswani Industries Limited,    58.33,0,     0.00
Vedanta Limited,    62.13,2302670693,    99.70
Venky's (India) Limited,    56.11,0,     0.00
Venus Remedies Limited,    41.76,0,     0.00
Veranda Learning Solutions Limited,    53.63,36469650,    98.27
Vesuvius India Limited,    55.57,0,     0.00
Videocon Industries Limited,    39.95,133264547,    99.75
Viji Finance Limited,    49.63,0,     0.00
Vikas EcoTech Limited,    13.58,4068515,     2.16
Vikas Lifecare Limited,    11.85,68000,     0.03
Vimta Labs Limited,    36.92,0,     0.00
Vinati Organics Limited,    74.28,650000,     0.84
Vindhya Telelinks Limited,    43.54,0,     0.00
Vinny Overseas Limited,    71.87,0,     0.00
Vinyl Chemicals (India) Limited,    50.41,0,     0.00
Vipul Limited,    60.52,10350000,    14.25
Virinchi Limited,    37.29,3906679,    11.15
Visa Steel Limited,    48.27,44387167,    79.42
Visagar Polytex Limited,     5.63,13800000,    83.69
Visaka Industries Limited,    48.42,5080000,    12.14
Visesh Infotecnics Limited,     1.95,0,     0.00
Vishnu Chemicals Limited,    68.36,1720000,     3.84
Vishwaraj Sugar Industries Limited,    33.69,0,     0.00
Visu International Limited,    14.42,0,     0.00
Vivimed Labs Limited,    20.94,6435933,    37.06
Vodafone Idea Limited,    48.91,0,     0.00
Voltamp Transformers Limited,    38.00,0,     0.00
Voltas Limited,    30.30,0,     0.00
W S Industries (I) Limited,    58.53,0,     0.00
Walchandnagar Industries Limited,    31.55,11042285,    63.16
Wanbury Limited,    39.79,9257561,    71.05
Websol Energy System Limited,    27.71,9289262,    79.44
Weizmann Limited,    67.87,0,     0.00
Welspun Corp Limited,    50.17,0,     0.00
Welspun Enterprises Limited,    55.89,0,     0.00
Welspun Investments and Commercials Limited,    74.58,0,     0.00
Welspun Living Limited,    71.51,0,     0.00
Wendt (India) Limited,    75.00,0,     0.00
West Coast Paper Mills Limited,    56.53,0,     0.00
Wheels India Limited,    58.31,0,     0.00
Whirlpool of India Limited,    51.00,0,     0.00
Williamson Magor & Company Limited,    62.01,0,     0.00
Windsor Machines Limited,    58.52,0,     0.00
Winsome Yarns Limited,    38.67,25979609,    95.03
Wipro Limited,    73.00,0,     0.00
Wockhardt Limited,    51.60,41874800,    52.90
Wonderla Holidays Limited,    69.74,0,     0.00
Xchanging Solutions Limited,    75.00,0,     0.00
Xpro India Limited,    42.46,0,     0.00
Yaari Digital Integrated Services Limited,    29.20,0,     0.00
Yasho Industries Limited,    71.92,2950,     0.04
Yatharth Hospital & Trauma Care Services Limited,    66.54,0,     0.00
Yes Bank Limited,     0.00,,
ZF Commercial Vehicle Control Systems India Limited,    75.00,0,     0.00
ZUARI INDUSTRIES LIMITED,    56.81,0,     0.00
Zee Entertainment Enterprises Limited,     3.99,2060000,     5.38
Zee Learn Limited,    15.05,14313500,    29.16
Zee Media Corporation Limited,     0.07,0,     0.00
Zen Technologies Limited,    55.69,0,     0.00
Zenith Exports Limited,    51.75,,
Zenith Steel Pipes & Industries Limited,    15.64,45000,     0.20
Zensar Technologies Limited,    49.21,10000,     0.01
Zicom Electronic Security Systems Limited,     4.38,925000,    51.26
Zodiac Clothing Company Limited,    71.40,0,     0.00
Zota Health Care LImited,    66.15,48700,     0.28
Zuari Agro Chemicals Limited,    65.28,10638477,    38.75
Zydus Lifesciences Limited,    74.98,0,     0.00
Zydus Wellness Limited,    69.62,0,     0.00
eClerx Services Limited,    55.27,0,     0.00
